INSERT INTO Restaurant 
VALUES 
('653633', 'Sherep', '09:00:00', '00:00:00', 'Armenia', 'Yerevan', 'Amiryan', 0, '1', '0004'), 
('401733', 'Pomodoro', '11:00:00', '00:00:00', 'Armenia', 'Yerevan', 'Tumanyan', 0, '32', '0009'), 
('554875', 'Tavern', '09:30:00', '00:00:00', 'Armenia', 'Yerevan', 'Amiryan', 0, '5', '0005'), 
('421401', 'Lavash', '08:30:00', '00:00:00', 'Armenia', 'Yerevan', 'Tumanyan', 0, '21', '0007'),
 ('943813', 'Anoush', '07:00:00', '23:30:00', 'Armenia', 'Yerevan', 'Amiryan', 0, '7', '0008'),
 ('467864', 'Black Angus', '08:30:00', '02:00:00', 'Armenia', 'Yerevan', 'Abovyan', 0, '2', '0005'), 
 ('877984', 'KfC', '10:00:00', '23:00:00', 'Armenia', 'Yerevan', 'Northern Avenue', 0, '1', '0001'),
 ('690458', 'Black Star Burger', '11:00:00', '02:00:00', 'Armenia', 'Yerevan', 'Abovyan', 0, '3', '0007'), 
 ('517745', 'Mr. Gyros', '10:00:00', '00:00:00', 'Armenia', 'Yerevan', 'Tumanyan', 0, '5', '0008'), 
 ('822310', 'Dragon Garden', '11:00:00', '00:00:00', 'Armenia', 'Yerevan', 'Aram', 0, '76', '0005'),
 ('690919', 'New Tao', '10:30:00', '23:30:00', 'Armenia', 'Yerevan', 'Tumanyan', 0, '10', '0006'), 
 ('374627', 'Los Pueblos', '10:00:00', '00:00:00', 'Armenia', 'Yerevan', 'Cascade', 0, '18', '0002'),
 ('811017', 'Dos Amigos', '11:00:00', '00:00:00', 'Armenia', 'Yerevan', 'Teryan', 0, '23', '0004'),
 ('526476', 'Dip n Dip', '10:00:00', '01:00:00', 'Armenia', 'Yerevan', 'Northern Avenue', 0, '2', '0002'), 
 ('642617', 'Abu Hagop', '11:00:00', '00:00:00', 'Armenia', 'Yerevan', 'Pushkin', 0, '44', '0003'), 
 ('539543', 'Zeituna', '11:30:00', '00:00:00', 'Armenia', 'Yerevan', 'Mesrop Mashtots Avenue', 0, '20', '0008'),
 ('979577', 'Jano', '11:00:00', '23:30:00', 'Armenia', 'Yerevan', 'Tigran Mets Avenue', 0, '59', '0008'), 
 ('307839', 'Limone', '08:30:00', '00:00:00', 'Armenia', 'Yerevan', 'Tumanyan', 0, '81', '0006'), 
 ('355010', 'Karas', '00:00:00', '00:00:00', 'Armenia', 'Yerevan', 'Hrachya Kochar', 0, '1', '0007'),
 ('254262', 'Indian Mehak', '12:00:00', '23:30:00', 'Armenia', 'Yerevan', 'Koryun', 0, '10', '0002'),
 ('393311', 'Dargett', '11:00:00', '00:00:00', 'Armenia', 'Yerevan', 'Aram', 0, '72', '0003'),
 ('204362', 'Tashir Pizza', '10:00:00', '20:00:00', 'Armenia', 'Yerevan', 'Movses Khorenatsi', 0, '33', '0001'),
 ('862610', 'Pizza Hut', '10:00:00', '00:00:00', 'Armenia', 'Yerevan', 'Northern Avenue', 0, '15', '0003'),
 ('485754', 'Pizza Milano', '10:00:00', '00:00:00', 'Armenia', 'Yerevan', 'Arshakunyats Avenue', 0, '3', '0005'),
 ('382416', 'Sushitoria', '10:00:00', '00:00:00', 'Armenia', 'Yerevan', 'Sayat-Nova Avenue', 0, '1', '0003'),
 ('798745', 'Yasaman', '09:00:00', '00:00:00', 'Armenia', 'Yerevan', 'Yekmalyan', 0, '1', '0008'), 
 ('933898', 'Eat & Fit', '08:30:00', '22:30:00', 'Armenia', 'Yerevan', 'Aram', 0, '80', '0008'),
 ('981014', 'Asador', '12:00:00', '00:00:00', 'Armenia', 'Yerevan', 'Isahakyan', 0, '28', '0007'), 
 ('356856', 'Don Fish', '11:00:00', '00:00:00', 'Armenia', 'Yerevan', 'Vagharsh Vagharshyan', 0, '1', '0001'), 
 ('393367', 'Wine Republic', '12:00:00', '00:00:00', 'Armenia', 'Yerevan', 'Tamanyan', 0, '2', '0001');
 
insert into Vehicle values 
(19826, ' Kia Forte', 'car','black',2010),
(68956, ' Nissan Tida', 'car','white',2016),
(02795,'', 'bike','black',1999),
(93536, ' Volkswagen Gold', 'car','gray',2019),
(39713, ' KTM RC 390', 'bike','blue',2010),
(65862, ' Kia Sorento', 'car','green',2018),
(21962, ' Mazda Demio', 'car','white',2011),
(92010, 'Mercedes E-Class', 'car','gray',2010),
(143456, ' Honda', 'bike','white',2020),
(70652, ' Honda Super Cub', 'motorcycle','black',1998),
(58355, ' Yamaha', 'motorcycle','gray',2007),
(66142, 'KTM', 'motorcycle','black',2018),
(49031, 'Hundai Sonata', 'car','black',2009),
(22732, 'BMW X6', 'car','purple',2010),
(69336, 'Nissan March', 'car','pink',2010),
(86388, 'Nissan Tida', 'car','black',2010);



insert into Customer values 
(400, 'Ani', 'Tovmasyan', '', '2012-06-18 10-34-09', 'Armenia', 'Yerevan', 'Arshakunyats', 67, 8, 'anitovmasyan@gmail.com', 'vpquvbup89' ),
(794, 'Mane', 'Davtyan', '', '2002-06-12 11-35-08', 'Armenia', 'Yerevan', 'Gai avenue', 987, 4, 'manemane@gmail.com', 'v888sc_khb' ),
(835, 'Hakob', 'Janesian', '', '2001-12-01 18-14-09', 'Armenia', 'Yerevan', 'Shrjanayin', 16, 8, 'hakobhakobjj@yahoo.com', '081tidb' ),
(706, 'Hayk', 'Hovhanissyan', '', '2008-12-10 11-05-28', 'Armenia', 'Gyumri', 'Vaxarshayn', 87, 49, 'hhh567@gmail.com', 'v888sc_khb999888777' ),
(367, 'Epraksia', 'Israyelyan', '', '1976-03-18 23-34-09', 'Armenia', 'Vanadzor', 'Khachatryan', 18, 28, 'mathislife@gmail.com', 'mysonsiloveyou' ),
(324, 'Gurgen', 'Blbulyan', '', '1998-12-29 11-35-08', 'Armenia', 'Yerevan', 'Komitas avenue', 89, 4, 'gurgengug@yahoo.com', 'gggstatistics888' ),
(769, 'Nerses', 'Srapionyan', '', '1994-09-09 19-47-59', 'Armenia', 'Yerevan', 'Levon Shant', 67, 19, 'navetisyan@gmail.com', 'mathislifemoreover12' ),
(988, 'Serob', 'Khachatryan', '', '2004-08-22 10-25-20', 'Artsakh', 'Stepanakert', 'Kanayan', 7, 44, 'serob17@gmail.com', 'khbcwob999' ),
(417, 'Anahit', 'Hovhannisyan', '', '1967-06-18 10-34-09', 'Armenia', 'Yerevan', 'Abovyan', 27, 8, 'annhovhannisyan@gmail.com', 'armenianforever99' ),
(747, 'Liit', 'Galstyan', '', '2002-11-22 11-22-12', 'Armenia', 'Yerevan', 'Shinararner', 667, 99, 'lilitglo@gmail.com', 'lilitsksir987' ),
(357, 'Gor', 'Mkrtchyan', '', '2002-11-30 10-34-09', 'Armenia', 'Yerevan', 'Komitas', 17, 8, 'gormko2@gmail.com', 'InnaGor87' ),
(680, 'Inna', 'Krmoyan', '', '2002-03-24 13-36-48', 'Armenia', 'Yerevan', 'Tigran Mets',18, 49, 'innadearest@gmail.com', 'ljblvbwo!!GOr' ),
(782, 'Ani', 'Gumruyan', '', '2002-09-28 11-44-29', 'Armenia', 'Vanadzor', 'Abovyan', 17, 88, 'anianigumruyan@gmail.com', '129863nhhnnMM' ),
(251, 'Liana', 'Vahanyan', '', '2008-12-12 22-35-58', 'Artsakh', 'Stepanakert', 'Azatutyan', 7, 4, 'liancho56@gmail.com', 'lianchliancho67' ),
(224, 'Irena', 'Toroyan', '', '2012-09-18 20-34-09', 'Armenia', 'Yerevan', 'Arshakunyats', 47, 134, 'japaneseonelove@gmail.com', 'ilovejapanese' ),
(741, 'Vahan', 'Savdalyan', '', '2001-05-12 17-35-08', 'Armenia', 'Martuni', 'Charentsi', 19, 4, 'vahanyoman@gmail.com', 'iloveicecream' ),
(203, 'Arayik', 'Mkoyan', '', '1970-06-16 20-44-29', 'Armenia', 'Gavar', 'Orbeli', 6, 88, 'arayikk9@gmail.com', 'dudukforever' ),
(622, 'Susanna', 'Samelyan', '', '1952-03-13 18-35-28', 'Armenia', 'Martuni', 'Charentsi', 17, 4, 'susiklovingcaring@gmail.com', 'hognecipasswordgreluc' ),
(965, 'Samvel', 'Davtyan', '', '1971-10-24 16-36-06', 'Armenia', 'Martuni', 'Lvovyan', 18, 2, 'samveldavtyan71@gmail.com', 'shatlavpassword' ),
(309, 'Gayane', 'Galstyan', '', '1975-12-07 12-37-24', 'Armenia', 'Yerevan', 'Stepanyan', 23, 89, 'gayanegg88@gmail.com', 'hopefullyverjinna98' );


insert into Deliveryman values
(40,"Sargis","Harutyunyan",'','1970-06-16 20-44-29', 'Armenia', 'Ashtarak', 'Harutyunyan',9,8, 'sagoaragaraqum@gmail.com'),
(96,"Samvel","Hovhannisyan",'','1976-03-18 23-34-09', 'Armenia', 'Sisian', 'Nreni',19,28, 'saaam23@gmail.com'),
(45,"Erik","Shekunts",'','1971-10-24 16-36-06', 'Armenia', 'Ijevan', 'Kirov',5,4, 'erikaraqich@gmail.com'),
(62,"Anri","Nersesyan",'','2002-03-24 13-36-48', 'Armenia', 'Ashotsk', 'Nazaryan',87,789, 'nersesyan02@gmail.com'),
(48,"Vahan","Hovhannisyan",'','1952-03-13 18-35-28', 'Armenia', 'Dilijan', 'Davit Bek',19,28, 'vahancho0m@gmail.com'),
(69,"Hakob","Chexyan",'','1975-12-07 12-37-24', 'Armenia', 'Yerevan', 'Azatutyan',3,33, 'hakobhakobjacob@gmail.com'),
(46,"Vlad","Slakyan",'','2001-12-01 18-14-09', 'Armenia', 'Yerevan', 'Komitas',2,12, 'vladivostok@gmail.com'),
(57,"Garik","Papoyan",'','1967-06-18 10-34-09', 'Armenia', 'Sevan', 'Yerznkyan',98,89, 'garnikchegarik@gmail.com'),
(63,"Gurgen","Mravyan",'','1970-06-16 20-44-29', 'Armenia', 'Hrazdan', 'Khachatryan',9,288, 'gug7070@gmail.com'),
(11,"Artashes","Soxyan",'','1998-12-29 11-35-08', 'Armenia', 'Noyemberyan', 'Orbeli',10,22, 'artashsoxyan98@gmail.com');


insert into DeliverymanRating values 
(203,11,5),
(203,40,3),
(224,11,2),
(224,46,5),
(251,45,5),
(309,48,4),
(324,57,3),
(324,62,3),
(357,62,2),
(367,63,1),
(400,63,1),
(400,69,5),
(400,96,5),
(417,96,2),
(622,46,4),
(680,48,4),
(706,57,4),
(741,57,4),
(747,63,4),
(769,63,2),
(782,69,1),
(794,11,0),
(835,62,3),
(965,11,0),
(988,62,4),
(988,63,5);

insert into CustomerPhoneNumber values
(091119988,400),
(044119988,400),
(093989099,794),
(044876799,835),
(098987612,706),
(097777777,367),
(091229988,324),
(077229988,324),
(093229788,769),
(011112299,988),
(093298766,417),
(091298766,417),
(099294766,747),
(098182838,357),
(044294746,680),
(091294746,680),
(096294746,680),
(095294746,782),
(091510075,251),
(099838178,224),
(091804101,741),
(091168292,203),
(077510102,622),
(011189878,965),
(098234567,309);

insert into DeliverymanPhoneNumber values
(091805165,40),
(099805165,40),
(077889922,96),
(044565432,45),
(077898989,62),
(098898989,62),
(093898989,62),
(055676755,48),
(098456745,69),
(098944444,46),
(093894444,46),
(093576747,57),
(011233445,63),
(044345634,11);


insert into Deliveryman_has_Vehicle values
(40,19826,'2022-02-20'),
(40,02795,'2021-09-03'),
(96,19826,'2022-02-20'),
(45,86388,'2019-05-13'),
(45, 21962, '2020-09-28'),
(62, 69336,'2021-02-19'),
(48,92010,'2022-01-23'),
(69, 66142, '2019-12-18'),
(69,92010,'2022-05-12'),
(57,66142,'2022-04-23'),
(63, 49031, '2019-11-30'),
(63,143456,'2020-06-16'),
(11,143456,'2022-09-13'),
(11, 70652, '2022-12-31');




insert into Ingredients values 
(1,"tomato"),
(2,"cucumber"),
(3,"cheese"),
(4,"potato"),
(5,"milk"),
(6,"pork"),
(7,"beef"),
(8,"greens"),
(9,"strawberry"),
(10,"carrot"),
(12,"ice-cream"),
(13,"pickle"),
(14,"caramel"),
(15,"mayonese"),
(16,"ketchup"),
(17,"onion"),
(18,"garlic"),
(19,"vodka"),
(20,"orange"),
(21,"pasta"),
(22,"chicken"),
(23,"rice"),
(24,"soy souce"),
(25,"salmon"),
(26,"tuna"),
(27,"corn"),
(28,"oil"),
(29,"banana"),
(30,"bread");

INSERT INTO MealsDrinks
VALUES
(2187330,"strawberry smoothie",23),
(3609698,"tuna tartar", 37),
(9173355,"qyabab",36),
(6302623,"strawberry vodka",35),
(5387937,"philadelphia",34),
(1616269,"tuna soy souce",33),
(6948290,"chicken cesar",32),
(5115062,"fruit ice-cream",31),
(1264406,"ice-cream",31),
(7477574,"shawarma",30),
(2817571,"french fries",25),
(4166495,"bolognese", 29),
(5380874,"chicken burger",28),
(3975381,"angus burger", 28),
(4495018,"pepperoni", 27),
(8926682,"margarita",27),
(2737773,"diablo",27),
(5826559,"orange vodka", 26),
(5897808,"mozarella sticks", 25),
(4089068,"bannana strawberry fresh", 24),
(2977526,"bananna caramel smoothie", 23),
(6568813,"Berry Smoothie",23);

 -- MealsDrinkDetails
 Insert into MealsDrinksDetail
 values
 (23,'smoothie'),
 (24,'fresh'),
 (25,'fastfood'),
 (26,'cocktail'),
 (27,'pizza'),
 (28,'burger'),
 (29,'pasta'),
 (30,'wrap'),
 (31,'dessert'),
 (32,'salad'),
 (33,'souce'),
 (34,'sushi'),
 (35,'alcohol drink'),
 (36,'hot dish'),
 (37, "appetizer");
 
 
 
 Insert into MealsDrinks_has_Ingredients values
(2187330, 23, 9),
(2187330, 23, 5),
(3609698, 37, 26),
(9173355,36, 7),
(9173355,36, 17),
(9173355,36, 18),
(6302623,35,9),
(6302623,35,19),
(5387937,34,2),
(5387937,34,3),
(5387937,34,23),(5387937,34,24),(5387937,34,25),
(1616269,33,26),(1616269,33,24),
(6948290,32,1),(6948290,32,3),(6948290,32,15),(6948290,32,22),
(5115062,31,12),(5115062,31,29), (1264406,31,12),
(7477574,30,6),(7477574,30,13),(7477574,30,30),(7477574,30,1),(7477574,30,2),(7477574,30,8),
(2817571,25,4),
(4166495, 29,21),(4166495, 29,7),
(5380874,28,22),(5380874,28,30),
(3975381, 28,30),(3975381, 28,7),
(4495018, 27,1),(4495018, 27,3),(4495018,27,30),
(8926682,27,1),(8926682,27,30),
(2737773,27,1),(2737773,27,30),
(5826559, 26,19),(5826559, 26,20),
(5897808,25,3),(5897808,25,28),
(4089068,24,9),(4089068, 24,29),
(2977526, 23,29),(2977526, 23,14),(2977526, 23,5),
(6568813,23,9),(6568813,23,5);

Insert into Menu values
(700,204362),
(701,254262),
(702,307839),
(703,355010),
(704,356856),
(705,374627),
(706,382416),
(707,393311),
(708,393367),
(709,401733),
(710,421401),
(711,467864),
(712,485754),
(713,517745),
(714,526476),
(715,539543),
(716,554875),
(717,642617),
(718,653633),
(719,690458),
(720,690919),
(721,798745),
(722,811017),
(723,822310),
(724,862610),
(725,877984),
(726,933898),
(727,943813),
(728,979577),
(729,981014);


Insert into MenuDetails values
(111,'Pizzas'),
(222,'Desserts'),
(333,"Drinks"),
(444,"Salads"),
(555,"Main Courses");


Insert into Menu_has_MenuType values
(700,111),
(701,555),
(702,555),
(702,444),
(702,333),
(703, 555),
(704,555),
(705,555),
(705,333),
(706,555),
(707,333),
(707,555),
(708,333),
(709,555),
(710,555),
(710,444),
(711,555),
(712,111),
(713,555),
(714,222),
(715,555),
(716,555),
(717,555),
(718,555),
(719,333),
(719,555),
(720,555),
(721,555),
(721,333),
(721,444),
(722,555),
(723,555),
(724, 111),
(725,555),
(726, 444),
(727, 555),
(728,555),
(729,555),
(729,444);

Insert into Menu_has_MealsDrinks values
(700,8926682), (700,4495018), (700,2737773),
(701,2817571),
(702, 8926682), (702,2817571),
(703, 9173355), (703, 7477574),
(704, 3609698), (704, 1616269),
(705, 3975381),
(706, 5387937),
(707, 5826559), (707, 6302623),
(708,5826559),
(709,2817571),
(710, 3975381), (710,2187330),
(711,3975381),
(712, 8926682), (712, 4495018),
(713, 7477574), (713, 6568813),
(714, 1264406), (714, 2977526),
(715,5897808), (715, 8926682),
(716, 9173355),
(717,4166495), (717, 5380874),
(718, 3609698),
(719, 3975381),
(720, 2737773),
(721,2817571), (721, 3609698),
(722, 4166495),
(723, 4166495),
(724,8926682), (724,4495018), (724,2737773),
(725,2817571), (725, 6948290), (725, 5380874),
(726,6948290),(726, 6568813),
(727,6948290),
(728,4166495),
(729,3975381), (729, 2737773), (729, 1264406);



insert into `Order` values
(374, '2022-05-15', 'delivered', '12:12:00', 11,203),
(219, '2022-05-15', 'delivered', '13:44:03', 11, 324),
(253, '2022-05-15', 'delivered', '17:34:03', 11, 400),
(905, '2022-05-15', 'cancelled', '00:00:00',57 , 417),
(408, '2022-05-15', 'delivered', '01:18:09', 96, 988),
(901, '2022-05-15', 'delivered', '16:47:03', 48, 794),
(743, '2022-05-16', 'cancelled', '00:00:00', 11, 622),
(682, '2022-05-16', 'delivered', '09:09:18', 40,747),
(432, '2022-05-16', 'delivered', '19:09:28', 57,367),
(101, '2022-05-16', 'delivered', '20:19:28', 40,309),
(623, '2022-05-16', 'delivered', '18:19:38', 63,400),
(422, '2022-05-16', 'delivered', '03:26:04', 96,324),
(833, '2022-05-17', 'delivered', '03:19:28', 57,769),
(834, '2022-05-17', 'cancelled', '00:00:00', 62,835),
(999, '2022-05-17', 'delivered', '14:07:08', 46,835),
(261, '2022-05-17', 'cancelled', '00:00:00', 45,782),
(371, '2022-05-17', 'delivered', '08:39:58', 48,417),
(627, '2022-05-18', 'delivered', '03:19:28', 11,357),
(224, '2022-05-18', 'delivered', '03:19:28', 57,251),
(230, '2022-05-18', 'delivered', '03:19:28', 62,835),
(595, '2022-05-18', 'delivered', '03:19:28', 63,794),
(183, '2022-05-18', 'cancelled', '00:00:00', 11,965),
(861, '2022-05-19', 'delivered', '09:08:19', 45,769),
(716, '2022-05-19', 'delivered', '03:29:28', 46,251),
(487, '2022-05-19', 'delivered', '23:28:38', 48,309),
(222, '2022-05-19', 'delivered', '05:24:09', 46,769),
(333, '2022-05-19', 'cancelled', '00:00:00', 69,769),
(444, '2022-05-19', 'cancelled', '00:00:00', 96,417),
(555, '2022-05-20', 'delivered', '08:17:20', 57,622),
(666, '2022-05-20', 'delivered', '01:29:48', 11,400),
(777, '2022-05-20', 'pending', '00:00:00', 40,769),
(888, '2022-05-20', 'pending', '00:00:00', 57,324),
(111, '2022-05-20', 'pending', '00:00:00', 40,357);

insert into Order_has_MealsDrinks values
(101,1264406,31), (101, 3609698,37),
(111,2737773,27), (111, 4166495,29), (111,2977526,23),
(183,5380874,28),
(219,5380874,28),
(222,1264406,31),
(224,5380874,28), (224, 3975381, 28), (224, 4495018,27),
(230,5115062,31),
(253,4166495,29),
(261,5380874,28),
(333,1264406,31),(333,5387937,34),(333,6302623,35),(333,1616269,33),
(371,5826559,26),
(374,7477574,30),
(408,2737773,27),
(422,1264406,31),
(432,2737773,27),(432,1616269,33),
(444,6948290,32),(444,2817571,25),
(487,7477574,30),
(555,6948290,32), (555,3975381,28), (555,4495018,27),
(595,6948290,32),
(623,4166495,29),
(627,2737773,27),
(666,5897808,25),
(682,6302623,35),
(716,3609698,37),
(743,8926682,27),
(777,8926682,27),(777,3975381,28),(777,1616269,33),
(833,5380874,28),
(834,8926682,27),
(861,2977526,23),
(888,2817571,25),(888,1616269,33), (888,3975381,28), (888, 2737773, 27),
(901,2817571,25), (901,5897808,25),
(905,2817571,25), (905, 6948290, 32), (905,5380874,28),
(999,2817571,25),(999,5380874,28), (999,6302623,35);

-- PaymentDetails
insert into PaymentDetails values
(11111,"cash"),
(22222,"mobile payment"),
(33333,"credit card");

-- Payment
insert into Payment values
(70294, "2022-05-15", 10560, "AMD",417,11111),
(45407,"2022-05-15", 7890, "AMD",794,11111),
(77781,"2022-05-15", 7600,"AMD",324,11111),
(20448,"2022-05-15", 4500,"AMD",400,22222),
(24967,"2022-05-15", 12900,"AMD",988,22222),
(36017,"2022-05-15", 11980,"AMD",203,22222),
(83374,"2022-05-16", 12900,"AMD",309,11111),
(83374,"2022-05-16", 32, "USD",622,33333),
(49180,"2022-05-16", 3400,"AMD",747,33333),
(59410,"2022-05-16", 6690,"AMD",400,33333),
(74660,"2022-05-16", 5470,"AMD",367,11111),
(22666,"2022-05-16", 46,"USD",324,33333),
(36016,"2022-05-17", 13990,"AMD",417,11111),
(99554,"2022-05-17", 12870,"AMD",782,11111),
(72345,"2022-05-17", 5780,"AMD",835,11111),
(55314,"2022-05-17", 6400,"AMD",769,11111),
(88841,"2022-05-17", 8700,"AMD",835,11111),
(53107,"2022-05-18", 9800,"AMD",794,11111),
(57008,"2022-05-18", 8600,"AMD",835,22222),
(11076,"2022-05-18", 6800,"AMD",357,22222),
(24649,"2022-05-18", 5600,"AMD",251,11111),
(24444,"2022-05-18",8900,"AMD",965,11111),
(93154,"2022-05-19",8790,"AMD",769,11111),
(41289, "2022-05-19", 25,"USD",417,33333),
(61524,"2022-05-19", 7800,"AMD",251,33333),
(85512,"2022-05-19", 6700,"AMD",769,11111),
(24645,"2022-05-19", 10860,"AMD",769,11111),
(32472,"2022-05-19", 4500,"AMD",309,11111),
(86637,"2022-05-20", 5600,"AMD",622,11111),
(93328,"2022-05-20", 4300,"AMD",400,11111),
(20124,"2022-05-20", 18,"USD",769,33333),
(65118,"2022-05-20", 8900,"AMD",324,11111),
(65119, "2022-05-20", 7640,"AMD",357,11111);




insert into RestaurantDetails values
(100, "pizzeria"),
(200, "cultural"),
(300, "cafe"),
(400,"fast food"),
(500,"seafood"),
(600, "pub"),
(700, "dining"),
(800, "fitness");

-- Restaurant_has_RestaurantDetails

insert into Restaurant_has_RestaurantDetails values
(204362,100, "Tashir Pizza", "pizzeria"),
(254262,200, "Indian Mehak","cultural"),
(307839,300, "Limone", "cafe"),
(355010,400, "Karas", "fast food"),
(356856,500, "Don Fish", "seafood"),
(374627,200, "Los Pueblos", "cultural"),
(382416,500, "Sushitoria", "seafood"),
(393311,300, "Dargett", "cafe"),
(393311,600, "Dargett", "pub"),
(393367,300, "Wine Republic","cafe"),
(401733,700,"Pomodoro","dining"),
(421401,700, "Lavash","dining"),
(467864,400, "Black Angus", "fastfood"),
(485754,100,"Pizza Milano","pizzeria"),
(517745,400, "Mr. Gyros", "fast food"),
(526476,300, "Dip n Dip", "cafe"),
(539543,700, "Zeituna","dining"),
(554875,700, "Tavern", "dining"),
(642617,400, "Abu Hagop", "fast food"),
(653633,700, "Sherep", "dining"),
(690458,400, "Black Star Burger", "fast food"),
(690919,200, "New Tao","cultural"),
(798745,700, "Yasaman", "dining"),
(811017,200, "Dos Amigos", "cultural"),
(822310,200,"Dragon Garden","cultural"),
(862610, 100, "Pizza Hut", "pizzeria"),
(877984, 400, "KfC", "fast food"),
(933898, 800, "Eat & Fit", "fitness"),
(943813,700,"Anoush","dining"),
(979577, 700, "Jano", "dining"),
(981014, 700, "Asador", "dining"),
(981014, 500, "Asador", "seafood");

-- RestaurantPhoneNumber
insert into RestaurantPhoneNumber values
(010511113, 204362),
(010511141, 204362),
(041800786, 254262),
(011656565, 307839),
(010325595, 355010),
(099669906, 355010),
(099053050, 356856),
(055459545, 374627),
(060480048, 382416),
(010501501, 393311),
(055001100, 393367),
(012777000, 401733),
(010608800, 421401),
(060508070, 467864),
(096508070, 467864),
(011330330, 485754),
(010502233, 517745),
(010202203, 517745),
(077117118, 526476),
(077663662, 539543),
(010545545, 554875),
(095286585, 642617),
(043600880, 653633),
(033131313, 690458),
(010540999, 690919),
(011803333, 798745),
(095111131, 811017),
(060757588, 822310),
(010521252, 862610),
(010501503, 862610),
(011532532, 877984),
(010501508, 877984),
(044588080, 933898),
(010757505, 943813),
(010501946, 979577),
(044002200, 981014);

-- RestaurantRating
insert into RestaurantRating values
(204362,324,2),(204362,309,5),
(254262,251,3),(254262,417,4),
(307839, 741,0), (307839,747 ,5), (307839,324 ,2),
(355010, 835,4),(355010, 965, 4),
(356856,988 , 3), (356856, 769,2),
(374627, 769, 5), (374627, 324,5),
(382416,769 ,2), (382416,706 ,1), (382416,680 , 5),
(393311,622 , 5), (393311, 417,5),
(393367, 417,4),
(401733,622 ,5),
(421401, 769,3),
(467864, 324, 2),
(485754,988 ,0),
(517745, 309,1), (517745, 251,5),
(526476, 324,5), (526476, 988,4),
(539543,203 ,5),
(554875, 224,4),
(642617,203 ,4), (642617, 324,5), (642617,224 ,3),
(653633, 769,4),
(690458,769 ,3),
(690919,988 ,5),
(798745,251 ,5), (798745, 357,2),
(811017,367 ,4), (811017, 400,4),
(822310,417 ,4),(822310, 324,4), (822310, 988,2),
(862610,769 ,1),
(877984, 988,0),
(933898, 400,5),
(943813, 741,0),
(979577,747 ,1), (979577,782 ,5), (979577,835 ,3),
(981014, 965,5);

insert into Restaurant_has_Order values
(204362,101 ),
(254262, 111),
(307839, 183),
(204362, 219),
(355010, 222),
(355010, 224),
(356856, 230),
(374627, 253),
(382416,261 ),
(393311,333 ), (393311, 371), (393311, 374),
(393367,408 ),
(401733, 422),
(421401, 432),
(467864, 444),
(485754, 487),
(517745, 555),
(526476,595 ),
(539543, 623),
(554875,627 ),
(642617, 666),
(642617, 682),
(653633, 716),
(690458, 743),
(862610, 777), (862610, 833),
(877984, 834), (877984,861 ), (877984, 888), (877984, 901),
(933898, 834),
(943813, 834),
(981014,905 ),
(642617, 999);








